{
  "GRIP_MARGIN": 1.7322819823182982,
  "THROTTLE_GRIP_MARGIN": 2.2228122935390613,
  "K_DF": 0.003078203868483736,
  "K_DF_BRAKE": 0.0005085466351473164,
  "A_BRAKE": 26.98620961447709,
  "A_ACCEL": 207.83680966206003,
  "V_MAX": 300.0,
  "STANLEY_K": 1.1583951067618123,
  "STANLEY_K_SOFT": 1.897879638339325,
  "PID_KP": 139.74348471209143,
  "PID_KI": 0.8929364170570424,
  "ACTUATOR_LAG_S": 0.40201575785047267,
  "SAFETY_BUFFER": 0.7853557088795812,
  "CURV_WIN_M": 3.3259334891548544
}